"ticker","simple_answer","why_good","why_risky","future_story","why_better_or_worse","what_to_check","best_for","bottom_line","confidence_level"
"EQIX","This is one of the safest and cleanest data-center stocks in the list. It is a big global data-center landlord and operator, not a chip company.","Equinix has many data centers, many customers, and important network connections. That makes the business harder to replace. It can benefit when cloud and AI companies need reliable places to put equipment.","It is usually not cheap. Building more data centers costs a lot of money. If interest rates are high or power is hard to get, growth can slow.","The future is steady growth if AI and cloud keep needing more connected data centers around the world. This is more of a quality compounder than a lottery ticket.","Better than crypto/HPC names for safety. Worse than speculative names if the goal is the biggest possible upside in a short time.","Check AFFO, debt/EBITDA, dividend growth, new data-center capacity, power costs, and whether the stock price already assumes a lot of good news.","A father who wants a serious core data-center holding and can accept slower upside.","Strong core candidate. Pitch it as quality and stability first, AI upside second.","High"
"DLR","This is a large direct data-center REIT with more big-campus and hyperscale AI exposure than many stable peers.","Digital Realty owns and operates many data centers globally. Big cloud and AI demand can help because these customers need large, power-heavy campuses.","It has debt and needs large capex. Big customers can also mean customer concentration risk. REIT valuations move when interest rates move.","The future depends on leasing new powered capacity at good returns, especially to hyperscale and AI customers.","More direct AI data-center capacity than EQIX. Less conservative than EQIX because large-campus demand, leverage, and customer concentration matter more.","Check FFO/AFFO, net debt, development pipeline, signed leases, top customer share, and how much 2027+ capacity is already spoken for.","A father who wants a real data-center REIT with clearer AI demand exposure than a very conservative infrastructure name.","Strong stable AI/data-center candidate, but valuation and debt must be checked before pitching.","High"
"IRM","This is a mixed story: an old records-storage company that is becoming more of a data-center company.","The legacy storage business can provide cash flow while the data-center business grows. That makes it less fragile than pure speculative AI names.","It is not a pure data-center company. The stock can get expensive if investors overpay for the transformation story. Debt also matters.","The future is good if data centers become a bigger part of profit and management keeps leasing capacity without hurting the balance sheet.","Better than miners because it has a real old cash-flow business. Worse than EQIX/DLR if dad wants pure data-center exposure.","Check data-center revenue mix, MW leased, AFFO, debt, dividend coverage, and how much growth is from data centers versus the old storage business.","A father who likes income plus a growth story, but does not need a pure-play REIT.","Interesting, but explain it as a transformation story, not a pure data-center landlord.","Medium"
"AMT","This is mainly a cell tower company with a smaller data-center business through CoreSite.","American Tower is a strong communications infrastructure company. CoreSite gives it some data-center and cloud/AI exposure.","Most of the business is still towers, so the data-center story may not move the stock as much as people expect.","The future depends on tower growth plus CoreSite leasing. AI can help CoreSite, but this is not a pure AI data-center stock.","Better than pure data-center names for diversification. Worse if dad wants a clean data-center pitch.","Check CoreSite revenue share, CoreSite leasing, tower organic growth, AFFO, debt, and interest-rate sensitivity.","A father who wants lower-risk infrastructure first and only a smaller data-center kicker.","Good company, but not the cleanest answer to 'which data-center stock should I pitch?'","Medium"
"NXT.AX","This is a direct Australia/Asia-Pacific data-center operator with strong growth exposure.","NEXTDC is more focused on data centers than most diversified infrastructure stocks. It can win if Australia needs more cloud, AI, and sovereign data capacity.","Growth requires heavy spending. The stock can be expensive, and new campuses must fill up with paying customers.","The future depends on new campuses, pre-leasing, power access, and whether hyperscale demand in Australia keeps growing.","More direct and growth-focused than many REITs. Riskier than mature REITs because development and funding matter more.","Check contracted utilization, MW capacity, customer concentration, new site timing, debt, and capex funding.","A father who can handle medium risk and wants a focused non-US data-center growth name.","Good focused growth candidate, but not as safe as EQIX or DLR.","Medium-high"
"AJBU.SI","This is an income-style Singapore data-center REIT. It is cleaner than most diversified REITs but smaller than US giants.","It owns data-center assets and can pay income. It is easier to understand than asset managers or crypto-transition names.","Tenant concentration, refinancing, currency, and lease renewals matter. Singapore REITs can be sensitive to rates.","The future depends on stable tenants, renewals, debt costs, and whether it can buy or build new data-center assets at fair prices.","Better than diversified Singapore names for purity. Less global scale than EQIX or DLR.","Check portfolio occupancy, WALE, top tenants, debt maturity, distribution coverage, and sponsor support.","A father who wants a clearer income-style data-center REIT outside the US.","Solid watchlist name for income and purity, but tenant/debt details must be checked.","Medium"
"DCRU.SI","This is a smaller Singapore-listed data-center REIT with pure data-center exposure but more concentration risk.","It gives direct data-center real-estate exposure. If tenants stay healthy and renew leases, the stock can work as a focused REIT.","It can depend heavily on a few tenants and sponsor support. Small REITs can be hit hard by refinancing or tenant problems.","The future depends on tenant renewals, sponsor relationship, debt costs, and whether the portfolio stays full.","More pure than many diversified REITs. Riskier than EQIX/DLR because it is smaller and more concentrated.","Check top tenant share, lease expiry dates, debt maturity, occupancy, distribution coverage, and sponsor pipeline.","A father who wants focused data-center REIT exposure but understands concentration risk.","Useful pure-play watchlist name, but do not pitch it without checking tenant concentration.","Medium"
"NTDU.SI","This is digital infrastructure, but it is not really a data-center landlord.","It owns important Singapore fiber network infrastructure. Data centers and cloud need connectivity, so it is connected to the theme indirectly.","The data-center purity is low. Its returns are more regulated and may not benefit much from AI demand.","The future is likely steady infrastructure income, not explosive AI data-center growth.","Better for stability. Worse for a data-center real-estate pitch because it does not lease data-center space.","Check regulated returns, distribution stability, capex, debt, and whether there is any direct data-center customer upside.","A father who wants safer Singapore digital infrastructure, not a pure data-center bet.","Safe-looking, but probably not the main stock to pitch for this theme.","Medium-high"
"GDS","This is a China data-center operator, so it has direct exposure but higher country and balance-sheet risk.","GDS has real data-center operations and can benefit from China cloud and AI demand.","China regulation, debt, customer concentration, and macro risk are big. Foreign investors may price it differently than US REITs.","The future depends on China cloud/AI growth, asset sales or financing, and keeping utilization high.","More direct than indirect asset managers. Much riskier than US/Singapore REITs because of country and financing risk.","Check debt, cash flow, utilization, customer mix, China policy risk, and whether growth is profitable.","A father who accepts higher country risk for direct data-center exposure.","Direct but risky. Not the first simple pitch unless dad understands China risk.","Medium"
"VNET","This is a smaller China data-center/operator name with high risk and possible turnaround upside.","It has direct data-center and cloud infrastructure exposure in China. If demand improves and balance sheet risk falls, upside can be high.","The business has more financial and execution risk than the large REITs. China policy and financing risk are important.","The future depends on demand recovery, debt management, customer wins, and better profitability.","Potentially cheaper and more upside than safer REITs. Much less safe and less proven than EQIX/DLR.","Check revenue growth, EBITDA, debt, cash, utilization, customer concentration, and China regulatory news.","A father who is comfortable with high-risk turnaround ideas.","Watchlist only unless the numbers clearly improve.","Low-medium"
"ME8U.SI","This is a Singapore industrial REIT with meaningful data-center exposure, but it is not pure data centers.","It has a diversified property base and some data-center assets. That can give income plus data-center exposure.","Because it is diversified, AI/data-center growth may not fully show up in the stock. Rates and industrial property cycles matter.","The future depends on data-center asset performance, renewals, debt costs, and overall industrial property demand.","Safer and more diversified than small pure plays. Less exciting than a focused data-center REIT.","Check data-center percentage of assets, top tenants, WALE, occupancy, debt, distribution coverage, and acquisition pipeline.","A father who wants Singapore REIT income with a data-center angle.","Good diversified REIT angle, but not the clearest pure data-center pitch.","Medium"
"GMG.AX","This is a high-quality industrial property developer/manager with a growing data-center development angle.","Goodman can use its land, development skill, and power-enabled sites to support data-center demand. It is not only a landlord; it can create value by developing assets.","It is not a pure data-center company. Development timing, valuation, and project execution matter. The stock can already price in a lot of growth.","The future depends on turning industrial land and power access into valuable data-center projects for cloud and AI users.","Better than many diversified names if the market rewards data-center development. Less direct than EQIX/DLR/NEXTDC.","Check data-center pipeline, power access, pre-leasing, development margins, asset management fees, and valuation.","A father who wants a strong real-estate platform with data-center upside, not a pure REIT.","Interesting growth platform, but explain that the data-center part is only one part of the business.","Medium"
"AZRG.TA","This is a diversified Israeli real-estate group with data-center exposure, not a clean pure-play data-center stock.","It may benefit from data-center investments plus broader real-estate assets. Local knowledge can help in Israel and nearby markets.","The stock is not mainly a data-center stock. Israel/geography risk, rates, and general real estate can matter more than AI.","The future depends on whether data-center projects become a larger and more visible part of the company.","Better if dad wants Israel real-estate exposure with a data-center angle. Worse if he wants a simple global data-center landlord.","Check how much value comes from data centers, project partners, MW capacity, tenants, debt, and local risk.","A father who wants Israel-linked real estate and can accept indirect exposure.","Not a first-choice pure data-center pitch; use only if the local angle matters.","Low-medium"
"BN4.SI","This is Keppel Ltd., a broad Singapore infrastructure group with data-center development and asset-management exposure.","Keppel has real infrastructure skill and can build/manage data-center assets. It may benefit from AI demand through projects and funds.","The exposure is indirect because Keppel does many things. It is harder to see exactly how much public shareholders get from data centers.","The future depends on new data-center projects, fund management, asset sales, and execution across the whole group.","Better than many asset managers for Singapore infrastructure exposure. Worse than Keppel DC REIT if dad wants a clean data-center asset owner.","Check data-center pipeline, asset-management fees, project returns, balance sheet, and how much profit comes from data centers.","A father who wants Singapore infrastructure exposure with a data-center angle.","Good indirect name, but not the simplest stock to explain as a data-center play.","Medium"
"MAQ.AX","This is a smaller Australian tech infrastructure company with data centers, cloud, and telecom services.","It has more direct operating exposure than many diversified property groups. Sovereign cloud and Australian data-center demand can help.","It is smaller, so customer concentration, capex, and execution risk matter more. It is not a large global REIT.","The future depends on filling data centers, winning enterprise/government cloud work, and funding growth without too much dilution or debt.","More direct than many diversified names. Less stable and less scaled than EQIX/DLR/NEXTDC.","Check data-center utilization, customer wins, government contracts, debt, cash flow, and capex plan.","A father who wants an Australia-focused operating company, not just a landlord.","Interesting, but size and execution risk mean it needs careful checking.","Medium"
"APLD","This is a high-upside but high-risk AI data-center buildout story.","Applied Digital is building large HPC/AI campuses. If long-term AI leases are real and funded well, the upside can be big.","It needs huge financing and execution. Construction delays, dilution, debt, tenant concentration, and cost overruns can hurt shareholders badly.","The future depends on delivering Polaris Forge buildings, keeping customers, and financing each phase without crushing shareholders.","More upside than REITs if execution works. Much riskier than REITs because it is still proving the model.","Check signed lease details, tenant credit, financing terms, construction milestones, capex, dilution risk, and cash burn.","A father who understands this is speculative and can lose a lot if execution fails.","Speculative AI infrastructure candidate, not a safe REIT substitute.","Medium"
"IREN","This is a power-secured AI/HPC and bitcoin-mining transition story with very high volatility.","IREN controls power/data-center sites and is trying to grow AI cloud/HPC revenue. Power access can be valuable if AI data centers remain constrained.","It still has crypto exposure and needs large capital spending. GPU/cloud execution is hard. Stock moves can be extreme.","The future depends on turning power sites into AI cloud revenue, signing durable customers, and reducing dependence on bitcoin cycles.","Potentially stronger AI upside than many miners if customer contracts and GPU deployments scale. Riskier than REITs by a lot.","Check contracted AI revenue, GPU fleet utilization, power costs, site MW, bitcoin exposure, debt, and capex funding.","A father who wants speculative AI infrastructure upside and accepts big drawdowns.","Interesting but very speculative. Needs proof from contracts and cash flow.","Medium"
"WULF","This is a very high-risk power and HPC campus story, not a normal REIT.","TeraWulf says it is focused on AI/HPC infrastructure and has energy expertise. Power-secured campuses can be valuable when the grid is tight.","It has a bitcoin-mining past and very high stock volatility. Deals can be complex, and financing/construction risk is large.","The future depends on turning power sites into long-term HPC leases and proving the economics after buildout.","Better than some miners if its contracted HPC pipeline is real and financed. Still much riskier than DLR/EQIX.","Check signed customer contracts, MW committed, counterparty credit, financing, ownership stakes, bitcoin exposure, and construction timing.","A father who wants one speculative AI power-campus idea and understands it can fall hard.","High-upside speculative name. Never mix it with stable REITs.","Medium"
"CORZ","This is one of the more concrete speculative AI/HPC stories because it has public CoreWeave hosting contract history.","Core Scientific has large power sites and has announced long-term HPC hosting with CoreWeave. That gives more proof than many miners.","It has bankruptcy history, customer concentration, capex needs, and crypto exposure. One big customer can be both good and risky.","The future depends on delivering contracted MW, managing capex, keeping customers happy, and reducing mining-cycle dependence.","Better evidence than many crypto-transition peers. Still far riskier than stable REITs.","Check current contract status, MW online, revenue recognition, capex funding, balance sheet, and any deal/merger status.","A father who wants the most evidence-backed speculative AI/HPC pitch, but accepts very high risk.","Probably the clearest speculative contract story, but still not safe.","Medium"
"HUT","This is a very high-risk crypto-to-AI infrastructure transition story.","Hut 8 may have valuable energy/data-center sites. If large AI leases are confirmed and financed, the business can change meaningfully.","The company still has crypto legacy risk, financing risk, project risk, and very high volatility. Reported deals must be checked in filings.","The future depends on signed AI leases becoming real cash flow and whether the company can fund projects without hurting shareholders.","Potentially big upside if contracts are real. Weaker than CORZ/APLD unless filings clearly confirm the same level of customer commitment.","Check lease agreements, counterparty names, MW, start dates, capex, financing, bitcoin exposure, and dilution.","A father who wants a high-risk optionality name, not a stable data-center stock.","Speculative only. Needs hard filing proof before pitching seriously.","Low-medium"
"BTDR","This is mostly a crypto-infrastructure company with possible AI/HPC optionality.","It owns mining/data-center infrastructure, and that infrastructure could become useful if converted for AI/HPC.","The current AI customer evidence is weaker than stronger speculative peers. Crypto cycle, hardware spending, and geography matter.","The future depends on proving real AI/HPC customers, not only saying the sites could be useful.","Maybe cheaper optionality than hotter AI names. Worse than APLD/WULF/CORZ if they have stronger signed AI deals.","Check AI customer contracts, site MW, mining economics, debt, capex, and whether AI revenue is real or only planned.","A father who wants to track possible optionality but not pitch it as a top idea yet.","Watchlist only until better AI lease evidence is public.","Low-medium"
"DBRG","This is a digital-infrastructure asset manager, not a simple data-center landlord.","DigitalBridge is more focused on digital infrastructure than big general asset managers. It can benefit if private money keeps flowing into data centers.","Public shareholders get fee/asset-manager exposure, not simple rent from one data-center portfolio. The look-through is harder.","The future depends on fundraising, portfolio performance, data-center platform growth, and any corporate deal status.","Better than BX/KKR for a focused digital-infrastructure theme. Less direct than REITs and operators.","Check AUM, fee earnings, balance sheet, portfolio companies, data-center exposure, and corporate transaction news.","A father who wants indirect exposure to data-center investing, not a direct landlord.","Good thematic asset-manager idea, but harder to explain than EQIX/DLR.","Medium"
"BX","This is a great alternative asset manager, but it is too broad for a clean data-center pitch.","Blackstone can benefit from private real estate, infrastructure, credit, and data-center financing. It has scale and access to large deals.","Data centers are only one small part of a huge firm. The stock can move because of markets, funds, credit, or real estate, not just AI.","The future depends on fundraising, fee earnings, investment returns, and whether data-center/private-credit activity stays strong.","Better for diversified exposure. Worse if dad wants to understand one clear data-center business.","Check fee-related earnings, real-estate/infrastructure AUM, data-center platform exposure, credit risk, and valuation.","A father who wants a quality asset manager with some AI infrastructure exposure.","Good company, weak pure data-center stock pitch.","High"
"BAM","This is an asset-light Brookfield manager with indirect digital-infrastructure exposure.","Brookfield has infrastructure knowledge and can raise/deploy capital into power and data centers. The manager model can be attractive if AUM grows.","The data-center link is indirect and not easy to measure from the public ticker. Fundraising and fee earnings drive the stock.","The future depends on Brookfield raising infrastructure funds and building/buying digital infrastructure at good returns.","Cleaner manager than BN, but still less direct than DBRG or the REITs.","Check infrastructure AUM, fee-related earnings, data-center/power investments, carried interest, and valuation.","A father who wants broad real-assets management exposure, not a pure data-center bet.","Indirect watchlist name, not the main pitch for physical data centers.","Medium-high"
"BN","This is the broader Brookfield parent company. It has real-assets exposure, but the data-center part is diluted.","It can benefit from Brookfield’s infrastructure, power, and real-estate ecosystem. It may be cheaper because it is more complex.","It is a holding company, so it is harder to explain. The stock can be affected by many businesses that have nothing to do with data centers.","The future depends on the whole Brookfield platform, not only data centers.","Potentially broader and cheaper than BAM. Worse for a simple dad pitch because it is more complex.","Check look-through value, balance sheet, infrastructure exposure, power/data-center investments, and discount to asset value.","A father who likes Brookfield broadly and does not require a pure theme.","Not a first-choice data-center pitch; too much extra complexity.","Medium"
"KKR","This is a high-quality asset manager with infrastructure ability, but data centers are only one part of the story.","KKR can finance and own infrastructure through funds. It may benefit from private capital demand for AI infrastructure.","The public stock is driven by asset management, markets, fundraising, and investment performance, not only data centers.","The future depends on fee earnings, fundraising, investment exits, and how much capital flows into infrastructure and private credit.","High-quality manager, but less focused than DBRG and less direct than REITs/operators.","Check infrastructure AUM, data-center investments, fee earnings, credit exposure, and valuation.","A father who wants a strong asset manager with optional data-center exposure.","Good company, but weak as the main data-center pitch.","High"
